home1:basement,not yet available,not yet available, not yet available
home1:hall,not yet available,not yet available, not yet available
home1:master,not yet available,not yet available, not yet available
home1:stairs,not yet available,not yet available, not yet available
home1:masterbath,not yet available,not yet available, not yet available
home1:guest,not yet available,not yet available, not yet available
home1:frontporch,not yet available,not yet available, not yet available
home1:kitchenhall,not yet available,not yet available, not yet available
home1:guestbath,not yet available,not yet available, not yet available
home1:livingroom,not yet available,not yet available, not yet available
home1:kitchen,not yet available,not yet available, not yet available
home1:frontgarden,not yet available,not yet available, not yet available
home1:bedroom,not yet available,not yet available, not yet available
